checkpoint,relation,n_points,slope,intercept,R2,p_value,slope_se,rmse
3,acomp,2,,,,,,
3,advcl,17,-0.2244,0.6594,0.6534,8.616124463670311e-05,0.0422,0.0886
3,advmod,13,-0.2195,0.668,0.7933,4.441091447169938e-05,0.0338,0.086
3,amod,7,-0.3549,0.6745,0.9778,2.5162910344734353e-05,0.0239,0.0339
3,appos,11,-0.3128,0.7937,0.7891,0.000258655853553368,0.0539,0.1149
3,aux,5,-0.5255,0.9106,0.938,0.006682400751286122,0.078,0.0768
3,auxpass,3,-0.4526,0.9349,0.634,0.4136260709113783,0.3439,0.156
3,cc,20,-0.147,0.4297,0.7664,4.3177021374122396e-07,0.0191,0.0643
3,ccomp,25,-0.2927,0.9251,0.8148,6.833415697173232e-10,0.0291,0.0965
3,conj,21,-0.276,0.7993,0.8987,6.808169101591325e-11,0.0213,0.0615
3,cop,5,-0.3804,0.7637,0.8177,0.035053414263952774,0.1037,0.1021
3,csubj,1,,,,,,
3,dep,15,-0.2867,0.7291,0.9377,3.2648238425970978e-09,0.0205,0.0558
3,det,8,-0.2549,0.4632,0.9334,9.479612034637637e-05,0.0278,0.0448
3,discourse,0,,,,,,
3,dobj,10,-0.3296,0.8388,0.9163,1.3880979525948128e-05,0.0352,0.0726
3,expl,1,,,,,,
3,iobj,2,,,,,,
3,mark,15,-0.2837,0.6958,0.8985,7.914607537649443e-08,0.0264,0.072
3,mwe,1,,,,,,
3,neg,4,-0.5382,0.7939,0.9832,0.00843482375010729,0.0497,0.0366
3,nn,6,-0.3082,0.6475,0.6876,0.041265658958022006,0.1039,0.1256
3,npadvmod,5,-0.5292,0.9993,0.9041,0.012982449605651364,0.0995,0.098
3,nsubj,20,-0.2467,0.6644,0.8945,3.1588645865411214e-10,0.02,0.0671
3,nsubjpass,11,-0.28,0.7422,0.779,0.0003207277340730539,0.0497,0.0919
3,num,5,-0.5431,0.8622,0.8408,0.028378837992085803,0.1365,0.1344
3,number,6,-0.3351,0.5102,0.8779,0.005830461755065179,0.0625,0.0756
3,parataxis,9,-0.5457,1.3956,0.8497,0.00040785475268576075,0.0867,0.1263
3,pcomp,5,-0.4764,0.9152,0.8616,0.022842635864506734,0.1102,0.1085
3,pobj,8,-0.3942,0.8019,0.9924,1.3713445904716527e-07,0.0141,0.0227
3,poss,7,-0.2468,0.459,0.9694,5.6332897602007006e-05,0.0196,0.0278
3,possessive,2,,,,,,
3,preconj,2,,,,,,
3,predet,2,,,,,,
3,prep,21,-0.2197,0.6988,0.8046,3.6549837726812804e-08,0.0248,0.0872
3,prt,2,,,,,,
3,quantmod,4,-0.4009,0.5439,0.8761,0.0640003908617636,0.1066,0.0887
3,rcmod,12,-0.4154,0.9682,0.8818,5.982944129680333e-06,0.0481,0.0865
3,tmod,10,-0.3732,0.847,0.916,1.4130411539228806e-05,0.04,0.0823
3,vmod,16,-0.2158,0.7132,0.6229,0.0002776571902481154,0.0449,0.1283
3,xcomp,10,-0.4393,1.0553,0.8313,0.0002384193957966681,0.07,0.1376
5,acomp,2,,,,,,
5,advcl,17,-0.2578,0.7239,0.8274,4.1650282813575343e-07,0.0304,0.0638
5,advmod,13,-0.2855,0.7927,0.8817,1.973465670702112e-06,0.0315,0.0803
5,amod,7,-0.4074,0.7632,0.989,4.323766821846649e-06,0.0192,0.0272
5,appos,11,-0.3314,0.821,0.9055,6.589044184657931e-06,0.0357,0.076
5,aux,5,-0.5748,1.031,0.9149,0.0108112905685819,0.1012,0.0996
5,auxpass,3,-0.3883,1.0108,0.7732,0.315986738909779,0.2103,0.0954
5,cc,20,-0.1669,0.5552,0.7718,3.492107135065428e-07,0.0214,0.0719
5,ccomp,25,-0.2966,0.9661,0.8596,2.7578989284169435e-11,0.025,0.0829
5,conj,21,-0.2865,0.8046,0.8903,1.4469165307238734e-10,0.0231,0.0667
5,cop,5,-0.5416,0.9646,0.9546,0.004163488312865015,0.0682,0.0671
5,csubj,1,,,,,,
5,dep,15,-0.2861,0.7746,0.9496,8.198946041594017e-10,0.0183,0.0498
5,det,8,-0.3636,0.6921,0.8952,0.00037480745762896224,0.0508,0.0819
5,discourse,0,,,,,,
5,dobj,10,-0.4016,0.9895,0.9287,7.2829042110009295e-06,0.0393,0.0811
5,expl,1,,,,,,
5,iobj,2,,,,,,
5,mark,15,-0.3398,0.8466,0.9043,5.389817446765008e-08,0.0307,0.0835
5,mwe,1,,,,,,
5,neg,4,-0.6707,0.9581,0.9459,0.027443909171901086,0.1135,0.0835
5,nn,6,-0.3337,0.6795,0.6683,0.04691497381443396,0.1175,0.1422
5,npadvmod,5,-0.5935,1.0919,0.8318,0.03090704772351743,0.1541,0.1517
5,nsubj,20,-0.2548,0.7202,0.8038,8.818862791894172e-08,0.0297,0.0997
5,nsubjpass,11,-0.3711,0.9567,0.8184,0.00012983072322795967,0.0583,0.1077
5,num,5,-0.457,0.8869,0.8613,0.022904248662787056,0.1059,0.1042
5,number,6,-0.4251,0.6451,0.8768,0.00594402780800992,0.0797,0.0964
5,parataxis,9,-0.6407,1.4832,0.7974,0.0011882135019828412,0.1221,0.1777
5,pcomp,5,-0.3135,0.9139,0.5434,0.15522936961228764,0.1659,0.1634
5,pobj,8,-0.4188,0.9654,0.925,0.0001359431280653727,0.0487,0.0785
5,poss,7,-0.3976,0.6987,0.9301,0.00044995030499309725,0.0487,0.0691
5,possessive,2,,,,,,
5,preconj,2,,,,,,
5,predet,2,,,,,,
5,prep,21,-0.1982,0.6962,0.713,1.487116213238153e-06,0.0288,0.1013
5,prt,2,,,,,,
5,quantmod,4,-0.4269,0.6411,0.8889,0.05716808123381399,0.1067,0.0888
5,rcmod,12,-0.4182,0.9988,0.918,9.432294230765643e-07,0.0395,0.071
5,tmod,10,-0.4361,0.9837,0.8987,3.0051324178153696e-05,0.0518,0.1067
5,vmod,16,-0.2448,0.7198,0.7138,3.8117594847386505e-05,0.0414,0.1185
5,xcomp,10,-0.4716,1.119,0.935,5.0248087822942775e-06,0.044,0.0865
7,acomp,2,,,,,,
7,advcl,17,-0.1431,0.4901,0.4331,0.004079858990062014,0.0423,0.0887
7,advmod,13,-0.2961,0.8673,0.9206,2.1722192907315185e-07,0.0262,0.0668
7,amod,7,-0.3931,0.7527,0.9317,0.0004251234505222918,0.0476,0.0675
7,appos,11,-0.3361,0.8842,0.8646,3.393545226617357e-05,0.0443,0.0945
7,aux,5,-0.5405,1.0593,0.8499,0.025891212275257744,0.1311,0.1291
7,auxpass,3,-0.31,0.9845,0.8885,0.2167423667141771,0.1098,0.0498
7,cc,20,-0.1325,0.54,0.4851,0.000645655987410959,0.0322,0.1082
7,ccomp,25,-0.2014,0.846,0.3951,0.0007647802769164694,0.052,0.1724
7,conj,21,-0.2771,0.7823,0.8865,2.01176349834159e-10,0.0228,0.0658
7,cop,5,-0.3996,0.9579,0.9628,0.003082416285014291,0.0454,0.0447
7,csubj,1,,,,,,
7,dep,15,-0.2872,0.8113,0.8784,2.58414755540822e-07,0.0296,0.0807
7,det,8,-0.4079,0.8037,0.9414,6.415571141579301e-05,0.0415,0.0669
7,discourse,0,,,,,,
7,dobj,10,-0.3916,1.0503,0.8774,6.49810924752551e-05,0.0517,0.1067
7,expl,1,,,,,,
7,iobj,2,,,,,,
7,mark,15,-0.3909,0.9589,0.9441,1.6131833687919883e-09,0.0264,0.0719
7,mwe,1,,,,,,
7,neg,4,-0.4789,0.9112,0.9245,0.038515616711324314,0.0968,0.0713
7,nn,6,-0.4014,0.7337,0.849,0.00902666169819176,0.0847,0.1024
7,npadvmod,5,-0.4826,1.0879,0.7948,0.04218516402056842,0.1416,0.1394
7,nsubj,20,-0.2788,0.8032,0.8944,3.180296976631912e-10,0.0226,0.0759
7,nsubjpass,11,-0.3425,0.948,0.6696,0.0020778768029208914,0.0802,0.1482
7,num,5,-0.5416,0.962,0.8849,0.017178986040302276,0.1128,0.111
7,number,6,-0.4644,0.6982,0.8647,0.007205010656706853,0.0919,0.1111
7,parataxis,9,-0.5717,1.3773,0.8354,0.0005645037296078898,0.0959,0.1396
7,pcomp,5,-0.2822,1.0317,0.7225,0.0681655699503289,0.101,0.0994
7,pobj,8,-0.4067,1.0314,0.8808,0.0005544698601391375,0.0611,0.0984
7,poss,7,-0.3986,0.7335,0.897,0.0012008729356249978,0.0604,0.0856
7,possessive,2,,,,,,
7,preconj,2,,,,,,
7,predet,2,,,,,,
7,prep,21,-0.189,0.7249,0.659,7.908251814779687e-06,0.0312,0.1095
7,prt,2,,,,,,
7,quantmod,4,-0.4051,0.5967,0.7979,0.10675341078935398,0.1442,0.12
7,rcmod,12,-0.3969,0.932,0.8787,6.8234169659164585e-06,0.0466,0.0838
7,tmod,10,-0.4093,0.9653,0.8692,8.461152787343091e-05,0.0561,0.1156
7,vmod,16,-0.2824,0.8302,0.7665,8.89185823475353e-06,0.0417,0.1191
7,xcomp,10,-0.4908,1.1502,0.8955,3.407187234417882e-05,0.0593,0.1166
9,acomp,2,,,,,,
9,advcl,17,-0.2401,0.6916,0.7993,1.3105255526790074e-06,0.0311,0.0652
9,advmod,13,-0.2573,0.8863,0.7035,0.00033939277983664035,0.0504,0.1283
9,amod,7,-0.4181,0.8487,0.9583,0.0001221540736226376,0.039,0.0553
9,appos,11,-0.3556,0.8936,0.8532,4.903817281852306e-05,0.0492,0.1048
9,aux,5,-0.4918,1.0604,0.8845,0.01727672748599331,0.1026,0.101
9,auxpass,3,-0.1553,0.9753,0.9944,0.047621807083617324,0.0116,0.0053
9,cc,20,-0.0884,0.5454,0.173,0.06814373500406051,0.0455,0.153
9,ccomp,25,-0.2068,0.9137,0.5638,1.5308877829991494e-05,0.0379,0.1258
9,conj,21,-0.3003,0.8584,0.9016,5.1114880230646245e-11,0.0228,0.0658
9,cop,5,-0.3913,1.0017,0.9468,0.005300724126151536,0.0536,0.0527
9,csubj,1,,,,,,
9,dep,15,-0.2821,0.7974,0.9078,4.229707150572696e-08,0.0249,0.0679
9,det,8,-0.3962,0.9295,0.9398,6.974477724367788e-05,0.0409,0.066
9,discourse,0,,,,,,
9,dobj,10,-0.3371,1.0754,0.8529,0.00013627157396461863,0.0495,0.102
9,expl,1,,,,,,
9,iobj,2,,,,,,
9,mark,15,-0.3531,0.9597,0.8457,1.2357966115718141e-06,0.0418,0.1139
9,mwe,1,,,,,,
9,neg,4,-0.4229,0.9459,0.9909,0.004564521900456974,0.0287,0.0211
9,nn,6,-0.3573,0.7508,0.6951,0.0391676467637703,0.1183,0.1432
9,npadvmod,5,-0.4036,1.0379,0.6692,0.09059986208281721,0.1638,0.1613
9,nsubj,20,-0.2511,0.8492,0.8384,1.5051575155711885e-08,0.026,0.0873
9,nsubjpass,11,-0.2913,0.9732,0.6977,0.0013706805795929858,0.0639,0.1181
9,num,5,-0.4285,0.979,0.8003,0.04042810645078489,0.1236,0.1217
9,number,6,-0.5432,0.8203,0.8718,0.006444726440829084,0.1041,0.126
9,parataxis,9,-0.5767,1.4252,0.9518,7.282809181287552e-06,0.049,0.0714
9,pcomp,5,-0.2738,0.9639,0.9049,0.012814289751458456,0.0512,0.0504
9,pobj,8,-0.3089,1.0273,0.8406,0.001350003189398838,0.0549,0.0885
9,poss,7,-0.4211,0.806,0.9511,0.00018269829064110956,0.0427,0.0605
9,possessive,2,,,,,,
9,preconj,2,,,,,,
9,predet,2,,,,,,
9,prep,21,-0.1777,0.7603,0.628,1.8448779329181365e-05,0.0314,0.1102
9,prt,2,,,,,,
9,quantmod,4,-0.4044,0.6241,0.9492,0.02574663043544479,0.0662,0.0551
9,rcmod,12,-0.3855,0.9581,0.8455,2.3212935393731273e-05,0.0521,0.0937
9,tmod,10,-0.3738,0.9707,0.8303,0.0002442514074532832,0.0598,0.1231
9,vmod,16,-0.227,0.7691,0.692,6.450893971987478e-05,0.0405,0.1157
9,xcomp,10,-0.396,1.1324,0.8556,0.00012649471863643977,0.0575,0.1131
11,acomp,2,,,,,,
11,advcl,17,-0.1555,0.4585,0.7158,1.869185291023289e-05,0.0253,0.0531
11,advmod,13,-0.2186,0.881,0.7171,0.0002603150747145653,0.0414,0.1054
11,amod,7,-0.4085,0.9628,0.9365,0.000353718956068713,0.0476,0.0675
11,appos,11,-0.3875,0.994,0.9753,1.5352126162943117e-08,0.0206,0.0438
11,aux,5,-0.5152,1.0906,0.8635,0.022338429641118703,0.1182,0.1164
11,auxpass,3,-0.0603,0.9748,0.8896,0.21563094261735252,0.0212,0.0096
11,cc,20,-0.112,0.6115,0.382,0.003680359867006298,0.0336,0.1128
11,ccomp,25,-0.1787,0.9364,0.5466,2.4202604796977852e-05,0.0339,0.1126
11,conj,21,-0.2747,0.7977,0.8135,2.341671103390744e-08,0.0302,0.0873
11,cop,5,-0.2839,0.9667,0.9612,0.003285283126651046,0.0329,0.0324
11,csubj,1,,,,,,
11,dep,15,-0.2914,0.8245,0.8852,1.7729509382989124e-07,0.0291,0.0793
11,det,8,-0.4488,1.0584,0.888,0.0004590643685815833,0.0651,0.1049
11,discourse,0,,,,,,
11,dobj,10,-0.3194,1.1336,0.7093,0.0022308213545562676,0.0723,0.149
11,expl,1,,,,,,
11,iobj,2,,,,,,
11,mark,15,-0.3517,1.0232,0.8725,3.5344517936344285e-07,0.0373,0.1016
11,mwe,1,,,,,,
11,neg,4,-0.403,0.9662,0.9289,0.03620641223407884,0.0788,0.058
11,nn,6,-0.3771,0.8076,0.7791,0.019848908807275783,0.1004,0.1215
11,npadvmod,5,-0.364,1.0686,0.6458,0.10132997834971871,0.1556,0.1532
11,nsubj,20,-0.243,0.9189,0.8938,3.3529890111033e-10,0.0197,0.0664
11,nsubjpass,11,-0.4196,1.26,0.7823,0.00029904508504011753,0.0738,0.1364
11,num,5,-0.3677,0.9914,0.7424,0.06049483140158713,0.1251,0.1231
11,number,6,-0.5323,0.8282,0.8714,0.006493614803930162,0.1023,0.1237
11,parataxis,9,-0.4742,1.2647,0.8268,0.000677290208725403,0.082,0.1194
11,pcomp,5,-0.1805,0.9118,0.4228,0.23488656773145075,0.1217,0.1199
11,pobj,8,-0.2708,1.0458,0.7726,0.004040689558467184,0.06,0.0967
11,poss,7,-0.4583,0.9261,0.9384,0.0003274122967335139,0.0525,0.0745
11,possessive,2,,,,,,
11,preconj,2,,,,,,
11,predet,2,,,,,,
11,prep,21,-0.142,0.774,0.5936,4.3834070288216634e-05,0.027,0.0947
11,prt,2,,,,,,
11,quantmod,4,-0.307,0.5889,0.7997,0.1057607076637308,0.1086,0.0904
11,rcmod,12,-0.3689,0.9447,0.8689,1.0080458821663548e-05,0.0453,0.0814
11,tmod,10,-0.3678,0.9904,0.8883,4.4668173339568996e-05,0.0461,0.095
11,vmod,16,-0.1381,0.6949,0.2677,0.04012633243122219,0.061,0.1745
11,xcomp,10,-0.4088,1.1553,0.8561,0.00012455215141776092,0.0593,0.1165
13,acomp,2,,,,,,
13,advcl,17,-0.1828,0.5702,0.5718,0.00044428235982450954,0.0408,0.0858
13,advmod,13,-0.1724,0.8757,0.5369,0.004387034797164901,0.0483,0.123
13,amod,7,-0.2227,0.8894,0.7264,0.01485368187759911,0.0611,0.0867
13,appos,11,-0.3319,1.0059,0.8098,0.00016055695570499158,0.0536,0.1142
13,aux,5,-0.3554,1.0278,0.9261,0.008727180430811854,0.058,0.0571
13,auxpass,3,0.0318,0.9632,0.9777,0.09552373653469116,0.0048,0.0022
13,cc,20,-0.1174,0.6616,0.4017,0.0026928651346250633,0.0338,0.1135
13,ccomp,25,-0.1335,0.9164,0.4031,0.0006516155287578378,0.0339,0.1124
13,conj,21,-0.2893,0.8749,0.8445,4.084188095192976e-09,0.0285,0.0824
13,cop,5,-0.3068,0.9824,0.9064,0.012507718756087699,0.0569,0.056
13,csubj,1,,,,,,
13,dep,15,-0.2721,0.8119,0.7486,3.1097338036360734e-05,0.0437,0.1191
13,det,8,-0.31,1.0414,0.8715,0.0006982359778172821,0.0486,0.0783
13,discourse,0,,,,,,
13,dobj,10,-0.3074,1.1414,0.6311,0.006047189607979464,0.0831,0.1713
13,expl,1,,,,,,
13,iobj,2,,,,,,
13,mark,15,-0.3444,1.07,0.9299,7.063149692569083e-09,0.0262,0.0715
13,mwe,1,,,,,,
13,neg,4,-0.3745,0.957,0.8492,0.0784764215743099,0.1116,0.0822
13,nn,6,-0.3885,0.8179,0.7858,0.018606103426247023,0.1014,0.1227
13,npadvmod,5,-0.283,1.0696,0.388,0.2617213519576354,0.2053,0.2021
13,nsubj,20,-0.2121,0.9361,0.7878,1.7962905057240572e-07,0.0259,0.0872
13,nsubjpass,11,-0.2971,1.1368,0.58,0.006462022596965205,0.0843,0.1558
13,num,5,-0.4322,1.0534,0.6916,0.0807992951279034,0.1666,0.164
13,number,6,-0.5436,0.8115,0.8472,0.009239466136441148,0.1154,0.1396
13,parataxis,9,-0.2259,0.7977,0.4773,0.039319760236338853,0.0894,0.1301
13,pcomp,5,-0.2706,0.9598,0.9035,0.013103751217497775,0.051,0.0503
13,pobj,8,-0.1822,1.0183,0.7316,0.006772601157148526,0.0451,0.0726
13,poss,7,-0.3906,0.9427,0.861,0.002579538865356146,0.0702,0.0995
13,possessive,2,,,,,,
13,preconj,2,,,,,,
13,predet,2,,,,,,
13,prep,21,-0.1017,0.7649,0.2792,0.013799788263821819,0.0375,0.1317
13,prt,2,,,,,,
13,quantmod,4,-0.3462,0.6496,0.8568,0.07435824426501891,0.1001,0.0833
13,rcmod,12,-0.3596,0.987,0.7447,0.0003008447675692766,0.0666,0.1197
13,tmod,10,-0.3064,0.9755,0.8113,0.0003767572403364415,0.0523,0.1077
13,vmod,16,-0.1759,0.7897,0.3846,0.010387563040678406,0.0595,0.1701
13,xcomp,10,-0.2269,1.0374,0.7595,0.0010180145698621783,0.0451,0.0888
15,acomp,2,,,,,,
15,advcl,17,-0.1454,0.5031,0.4963,0.0015927861364009338,0.0378,0.0794
15,advmod,13,-0.148,0.8396,0.3147,0.04610419772050699,0.0659,0.1677
15,amod,7,-0.1997,0.8897,0.483,0.08306008923844503,0.0924,0.131
15,appos,11,-0.3199,1.001,0.7245,0.0008899645789726235,0.0658,0.1402
15,aux,5,-0.3761,1.0324,0.9139,0.011015211309693233,0.0667,0.0656
15,auxpass,3,-0.0657,0.973,0.9992,0.017944352294696937,0.0019,0.0008
15,cc,20,-0.1125,0.6969,0.4419,0.00138528771533052,0.0298,0.1002
15,ccomp,25,-0.1334,0.9327,0.2383,0.013287972246689749,0.0497,0.165
15,conj,21,-0.2726,0.8413,0.8169,1.9581136066681764e-08,0.0296,0.0857
15,cop,5,-0.2548,0.9577,0.9375,0.006767792153196406,0.038,0.0374
15,csubj,1,,,,,,
15,dep,15,-0.2172,0.7725,0.7087,8.290922522153073e-05,0.0386,0.1052
15,det,8,-0.1498,0.9608,0.464,0.062873628314761,0.0657,0.106
15,discourse,0,,,,,,
15,dobj,10,-0.1744,1.0298,0.6183,0.006985937710767183,0.0484,0.0999
15,expl,1,,,,,,
15,iobj,2,,,,,,
15,mark,15,-0.1677,0.8754,0.4713,0.004702484773947801,0.0493,0.1342
15,mwe,1,,,,,,
15,neg,4,-0.4098,0.9711,0.9407,0.03008305621069118,0.0727,0.0535
15,nn,6,-0.3863,0.8286,0.7996,0.016194905542596144,0.0967,0.117
15,npadvmod,5,-0.185,1.01,0.2591,0.38103861261988653,0.1806,0.1778
15,nsubj,20,-0.1668,0.923,0.6459,1.9689562096504105e-05,0.0291,0.0978
15,nsubjpass,11,-0.1666,0.991,0.3206,0.06939115637719093,0.0809,0.1495
15,num,5,-0.3667,1.0303,0.6402,0.10397094115493337,0.1587,0.1563
15,number,6,-0.541,0.8079,0.8478,0.009168671302155844,0.1146,0.1387
15,parataxis,9,-0.2891,0.8831,0.6788,0.006325321754799276,0.0752,0.1094
15,pcomp,5,-0.1292,0.8934,0.1955,0.45590828381678794,0.1513,0.1489
15,pobj,8,-0.1097,0.9652,0.8393,0.001383627023929543,0.0196,0.0316
15,poss,7,-0.3682,0.9177,0.9718,4.585191826128157e-05,0.0281,0.0398
15,possessive,2,,,,,,
15,preconj,2,,,,,,
15,predet,2,,,,,,
15,prep,21,-0.1024,0.8074,0.3698,0.0034476626982414787,0.0307,0.1076
15,prt,2,,,,,,
15,quantmod,4,-0.3891,0.6219,0.9977,0.001156615974649,0.0132,0.011
15,rcmod,12,-0.2723,0.8815,0.5585,0.005207801813124097,0.0765,0.1376
15,tmod,10,-0.1988,0.9112,0.53,0.016986251504355517,0.0662,0.1364
15,vmod,16,-0.1074,0.7452,0.1101,0.20929676590560128,0.0816,0.2333
15,xcomp,10,-0.2393,1.1044,0.6684,0.003865825916701242,0.0596,0.1172
16,acomp,2,,,,,,
16,advcl,17,-0.1522,0.5167,0.507,0.0013432945741941578,0.0388,0.0814
16,advmod,13,-0.1114,0.7929,0.2585,0.07602376009694192,0.0569,0.1449
16,amod,7,-0.1415,0.8605,0.5499,0.05643255018931833,0.0573,0.0812
16,appos,11,-0.3341,1.0428,0.8425,6.771562835088827e-05,0.0482,0.1026
16,aux,5,-0.4327,1.0475,0.8665,0.021603943866699716,0.0981,0.0966
16,auxpass,3,-0.0628,0.9841,0.7373,0.34256599938977267,0.0375,0.017
16,cc,20,-0.0956,0.6924,0.3454,0.006430137692989334,0.031,0.1042
16,ccomp,25,-0.0473,0.7758,0.0474,0.2958637500291347,0.0442,0.1466
16,conj,21,-0.295,0.9011,0.8503,2.83473774451763e-09,0.0284,0.0821
16,cop,5,-0.2839,0.9798,0.8218,0.033803496465417505,0.0763,0.0751
16,csubj,1,,,,,,
16,dep,15,-0.2066,0.7627,0.5818,0.000943131956995553,0.0486,0.1323
16,det,8,-0.1237,0.9389,0.7947,0.0029444113181723705,0.0257,0.0414
16,discourse,0,,,,,,
16,dobj,10,-0.2049,1.0777,0.4962,0.022950443599195614,0.073,0.1505
16,expl,1,,,,,,
16,iobj,2,,,,,,
16,mark,15,-0.1998,0.912,0.3821,0.014047331669894522,0.0705,0.1919
16,mwe,1,,,,,,
16,neg,4,-0.3339,0.9345,0.9377,0.031638090157632866,0.0608,0.0448
16,nn,6,-0.3848,0.835,0.7962,0.016775500153366662,0.0974,0.1178
16,npadvmod,5,-0.2314,1.0322,0.4377,0.2239665689239425,0.1514,0.1491
16,nsubj,20,-0.1437,0.9124,0.5941,6.970867747822874e-05,0.028,0.0941
16,nsubjpass,11,-0.16,1.0216,0.3021,0.07982523688523165,0.0811,0.1499
16,num,5,-0.3531,1.0185,0.549,0.15198993958474902,0.1848,0.1819
16,number,6,-0.5423,0.8097,0.8475,0.009204042171786176,0.115,0.1391
16,parataxis,9,-0.3524,0.98,0.4955,0.03431215779654454,0.1344,0.1956
16,pcomp,5,-0.2548,0.9557,0.813,0.036452010214981546,0.0705,0.0695
16,pobj,8,-0.1227,0.9808,0.8753,0.0006372760659265004,0.0189,0.0305
16,poss,7,-0.322,0.9113,0.8365,0.003907263931143027,0.0637,0.0902
16,possessive,2,,,,,,
16,preconj,2,,,,,,
16,predet,2,,,,,,
16,prep,21,-0.14,0.869,0.4727,0.000573243755562422,0.0339,0.1191
16,prt,2,,,,,,
16,quantmod,4,-0.4167,0.592,0.9033,0.049577192707339304,0.0964,0.0802
16,rcmod,12,-0.3115,0.9619,0.5435,0.006218848644175683,0.0903,0.1623
16,tmod,10,-0.1849,0.9195,0.3243,0.08570301665732291,0.0943,0.1944
16,vmod,16,-0.0794,0.7082,0.0797,0.2894455985691784,0.0721,0.2062
16,xcomp,10,-0.2034,1.0544,0.7219,0.0018571662824337695,0.0446,0.0878
17,acomp,2,,,,,,
17,advcl,17,-0.1595,0.5053,0.7458,7.962099018479815e-06,0.024,0.0505
17,advmod,13,-0.1322,0.8225,0.3611,0.02986307895260636,0.053,0.135
17,amod,7,-0.1331,0.845,0.5142,0.06971256921320451,0.0578,0.082
17,appos,11,-0.3348,1.0782,0.8146,0.00014290651877749984,0.0532,0.1135
17,aux,5,-0.4744,1.0678,0.8437,0.027559876829285106,0.1179,0.1161
17,auxpass,3,-0.0687,0.9551,0.644,0.4070115674668846,0.0511,0.0232
17,cc,20,-0.0763,0.66,0.2531,0.023745271155747955,0.0309,0.1039
17,ccomp,25,-0.0599,0.8269,0.1526,0.053491792200193865,0.0294,0.0976
17,conj,21,-0.2936,0.9066,0.8232,1.3983178048536959e-08,0.0312,0.0903
17,cop,5,-0.3274,0.9746,0.9663,0.002647785208798437,0.0353,0.0347
17,csubj,1,,,,,,
17,dep,15,-0.2653,0.8539,0.7888,9.807344575841902e-06,0.0381,0.1037
17,det,8,-0.0907,0.9188,0.4899,0.05327532248864433,0.0378,0.0609
17,discourse,0,,,,,,
17,dobj,10,-0.2056,1.0802,0.493,0.023595530537362647,0.0737,0.152
17,expl,1,,,,,,
17,iobj,2,,,,,,
17,mark,15,-0.1701,0.8843,0.4796,0.00421641844131426,0.0491,0.1338
17,mwe,1,,,,,,
17,neg,4,-0.3886,0.9414,0.9357,0.0326679905699534,0.072,0.053
17,nn,6,-0.3582,0.8213,0.7781,0.02002243765610239,0.0956,0.1157
17,npadvmod,5,-0.2704,1.0375,0.3746,0.272557941783411,0.2017,0.1986
17,nsubj,20,-0.152,0.9243,0.5353,0.00024608344306789235,0.0334,0.1122
17,nsubjpass,11,-0.1003,0.9403,0.204,0.16314616020860978,0.0661,0.1221
17,num,5,-0.4187,1.0287,0.6909,0.0811046681651284,0.1617,0.1592
17,number,6,-0.5342,0.8189,0.8879,0.004902443888370418,0.0949,0.1148
17,parataxis,9,-0.2931,0.8901,0.7425,0.002824563527359432,0.0652,0.095
17,pcomp,5,-0.257,0.916,0.5379,0.15845769577127888,0.1375,0.1354
17,pobj,8,-0.0885,0.938,0.8876,0.0004640842589805707,0.0129,0.0207
17,poss,7,-0.252,0.8729,0.7535,0.011303308713512487,0.0645,0.0914
17,possessive,2,,,,,,
17,preconj,2,,,,,,
17,predet,2,,,,,,
17,prep,21,-0.1622,0.9007,0.5283,0.00018998595484578866,0.0352,0.1235
17,prt,2,,,,,,
17,quantmod,4,-0.3685,0.596,0.9993,0.0003740269609447956,0.0071,0.0059
17,rcmod,12,-0.3265,0.9691,0.5891,0.0035629602501474787,0.0862,0.155
17,tmod,10,-0.1702,0.9347,0.2235,0.16762074613658445,0.1121,0.231
17,vmod,16,-0.1117,0.7452,0.1448,0.14592118035780496,0.0725,0.2073
17,xcomp,10,-0.2099,1.0906,0.5739,0.011146539164168807,0.0639,0.1258
19,acomp,2,,,,,,
19,advcl,17,-0.1697,0.5364,0.5654,0.0004990394794905405,0.0384,0.0806
19,advmod,13,-0.1284,0.8146,0.3345,0.038393410698998244,0.0546,0.1391
19,amod,7,-0.1352,0.8413,0.4943,0.07801773492063616,0.0611,0.0867
19,appos,11,-0.3762,1.1274,0.7723,0.00036788209982729155,0.0681,0.1451
19,aux,5,-0.4312,0.9956,0.9669,0.0025867069980110356,0.0461,0.0454
19,auxpass,3,0.0288,0.9453,0.1988,0.7057918587048313,0.0578,0.0262
19,cc,20,-0.0746,0.6474,0.2204,0.03677559150902536,0.0331,0.1112
19,ccomp,25,-0.0591,0.8094,0.0919,0.1406427716147474,0.0387,0.1285
19,conj,21,-0.3025,0.9161,0.856,1.959231205391287e-09,0.0285,0.0823
19,cop,5,-0.3246,0.943,0.9652,0.002789603321526611,0.0356,0.0351
19,csubj,1,,,,,,
19,dep,15,-0.1902,0.7587,0.5892,0.0008345578695390191,0.044,0.12
19,det,8,-0.0342,0.8645,0.1794,0.2956345467167957,0.0299,0.0482
19,discourse,0,,,,,,
19,dobj,10,-0.1495,1.0168,0.5675,0.011881574068909767,0.0461,0.0951
19,expl,1,,,,,,
19,iobj,2,,,,,,
19,mark,15,-0.2058,0.9018,0.6813,0.0001509867376326894,0.039,0.1063
19,mwe,1,,,,,,
19,neg,4,-0.3921,0.9136,0.9736,0.013285676286293735,0.0456,0.0336
19,nn,6,-0.3481,0.8055,0.74,0.027948019329872422,0.1032,0.1248
19,npadvmod,5,-0.2603,1.0157,0.349,0.29418714363185144,0.2053,0.2021
19,nsubj,20,-0.1187,0.9021,0.4417,0.0013898722128803571,0.0314,0.1057
19,nsubjpass,11,-0.1814,1.0685,0.3994,0.03697637073339991,0.0742,0.1371
19,num,5,-0.2977,0.9937,0.7677,0.05131057814337669,0.0946,0.0931
19,number,6,-0.5536,0.8621,0.9341,0.0016648933853993843,0.0735,0.0889
19,parataxis,9,-0.4593,1.234,0.871,0.00023650269576374838,0.0668,0.0972
19,pcomp,5,-0.2697,0.9282,0.4913,0.1872506005490537,0.1584,0.156
19,pobj,8,-0.0712,0.9154,0.8474,0.0011798064007784274,0.0123,0.0199
19,poss,7,-0.2141,0.8558,0.5225,0.0664612028088404,0.0915,0.1298
19,possessive,2,,,,,,
19,preconj,2,,,,,,
19,predet,2,,,,,,
19,prep,21,-0.142,0.8663,0.4607,0.0007174341436580511,0.0352,0.1237
19,prt,2,,,,,,
19,quantmod,4,-0.3976,0.6552,0.9745,0.012850333595761262,0.0455,0.0379
19,rcmod,12,-0.3187,0.9751,0.6096,0.00272177672130079,0.0807,0.145
19,tmod,10,-0.153,0.8998,0.2555,0.13614949187333156,0.0924,0.1903
19,vmod,16,-0.1017,0.7703,0.1353,0.16092691697243214,0.0687,0.1965
19,xcomp,10,-0.2469,1.0866,0.6295,0.006158676434556674,0.067,0.1317
21,acomp,2,,,,,,
21,advcl,17,-0.1369,0.4724,0.54,0.0007791207613003069,0.0326,0.0685
21,advmod,13,-0.0872,0.7643,0.1631,0.17111460439859713,0.0595,0.1516
21,amod,7,-0.1454,0.8302,0.6108,0.03793653149009186,0.0519,0.0736
21,appos,11,-0.3541,1.1094,0.6981,0.001363143700235614,0.0776,0.1655
21,aux,5,-0.4743,0.9538,0.9835,0.0009077589979278352,0.0355,0.035
21,auxpass,3,-0.0477,0.9214,0.2754,0.648301383826567,0.0774,0.0351
21,cc,20,-0.0955,0.6353,0.2271,0.03362975868119415,0.0415,0.1396
21,ccomp,25,-0.0924,0.8248,0.1772,0.03610855453259832,0.0415,0.1377
21,conj,21,-0.2889,0.9115,0.8401,5.3478796665404795e-09,0.0289,0.0837
21,cop,5,-0.3219,0.9281,0.997,6.978974532827802e-05,0.0102,0.01
21,csubj,1,,,,,,
21,dep,15,-0.2339,0.7686,0.6949,0.00011277522853920326,0.043,0.1171
21,det,8,-0.0604,0.8344,0.2539,0.20291509663951715,0.0423,0.0681
21,discourse,0,,,,,,
21,dobj,10,-0.1491,0.9946,0.2681,0.1252512092242285,0.0871,0.1796
21,expl,1,,,,,,
21,iobj,2,,,,,,
21,mark,15,-0.1855,0.8821,0.4375,0.0072479609690083,0.0583,0.1589
21,mwe,1,,,,,,
21,neg,4,-0.489,0.8334,0.9807,0.009713513597111477,0.0485,0.0357
21,nn,6,-0.3415,0.7896,0.7113,0.03486559097170108,0.1088,0.1316
21,npadvmod,5,-0.2644,1.0155,0.3826,0.26603237249511713,0.1939,0.1909
21,nsubj,20,-0.0971,0.842,0.403,0.0026373758253317708,0.0278,0.0936
21,nsubjpass,11,-0.1103,0.9485,0.4191,0.03129526309687808,0.0433,0.08
21,num,5,-0.2449,0.9644,0.6094,0.1191641925712266,0.1132,0.1114
21,number,6,-0.5601,0.8475,0.8743,0.006190002720684813,0.1062,0.1284
21,parataxis,9,-0.4805,1.3083,0.9055,7.834356952131878e-05,0.0587,0.0854
21,pcomp,5,-0.2412,0.9119,0.5228,0.16751454414089195,0.133,0.131
21,pobj,8,-0.0764,0.8873,0.7752,0.0038979807689347654,0.0168,0.0271
21,poss,7,-0.2864,0.869,0.8192,0.005061526681253239,0.0602,0.0853
21,possessive,2,,,,,,
21,preconj,2,,,,,,
21,predet,2,,,,,,
21,prep,21,-0.1304,0.8479,0.5208,0.00022202668996213496,0.0287,0.1007
21,prt,2,,,,,,
21,quantmod,4,-0.4339,0.5853,0.8669,0.0689366498279169,0.1202,0.1001
21,rcmod,12,-0.2994,0.9129,0.7047,0.0006368567269347011,0.0613,0.1101
21,tmod,10,-0.1455,0.869,0.1737,0.23077589034379306,0.1122,0.2312
21,vmod,16,-0.1029,0.7484,0.1218,0.18513978804940986,0.0738,0.2111
21,xcomp,10,-0.2173,1.0368,0.8435,0.00017527932943601956,0.0331,0.0651
23,acomp,2,,,,,,
23,advcl,17,-0.1687,0.5494,0.5629,0.0005224310935048624,0.0384,0.0806
23,advmod,13,-0.1078,0.7447,0.1941,0.1319072532767297,0.0662,0.1686
23,amod,7,-0.1475,0.8212,0.3632,0.15206125107832646,0.0873,0.1238
23,appos,11,-0.3532,1.0879,0.7594,0.0004744273048085016,0.0663,0.1412
23,aux,5,-0.476,0.911,0.9975,5.287240978096566e-05,0.0137,0.0135
23,auxpass,3,0.0656,0.8898,0.3227,0.6154037025968764,0.0951,0.0431
23,cc,20,-0.0821,0.6029,0.197,0.04993070597328049,0.0391,0.1313
23,ccomp,25,-0.0436,0.7246,0.0393,0.34194350978744087,0.045,0.1492
23,conj,21,-0.292,0.9225,0.7691,1.8175699039837973e-07,0.0367,0.1062
23,cop,5,-0.2919,0.8693,0.8383,0.029078092886901913,0.074,0.0729
23,csubj,1,,,,,,
23,dep,15,-0.2399,0.7589,0.7875,1.0211549103654742e-05,0.0346,0.0941
23,det,8,-0.0044,0.7595,0.0007,0.9514853950676696,0.0693,0.1116
23,discourse,0,,,,,,
23,dobj,10,-0.1574,0.9827,0.3759,0.059449600577202534,0.0717,0.1478
23,expl,1,,,,,,
23,iobj,2,,,,,,
23,mark,15,-0.1958,0.8301,0.5911,0.0008091799472891221,0.0452,0.123
23,mwe,1,,,,,,
23,neg,4,-0.515,0.8365,0.8835,0.060036554746773746,0.1322,0.0973
23,nn,6,-0.3651,0.7907,0.7658,0.0224348368184621,0.101,0.1222
23,npadvmod,5,-0.2088,0.9388,0.6478,0.10038820360501949,0.0889,0.0875
23,nsubj,20,-0.0996,0.8196,0.3073,0.011194220524129533,0.0352,0.1185
23,nsubjpass,11,-0.1351,0.9171,0.4273,0.029141671695364597,0.0521,0.0963
23,num,5,-0.3746,1.0138,0.7001,0.07725216780580593,0.1416,0.1394
23,number,6,-0.5683,0.8655,0.878,0.005829337154132605,0.1059,0.1282
23,parataxis,9,-0.4594,1.2124,0.7684,0.001923373100011391,0.0953,0.1388
23,pcomp,5,-0.1497,0.8151,0.28,0.3592111506291062,0.1386,0.1365
23,pobj,8,-0.0606,0.8553,0.7247,0.007329931975975208,0.0153,0.0246
23,poss,7,-0.2491,0.8098,0.7579,0.010778834267908982,0.0629,0.0892
23,possessive,2,,,,,,
23,preconj,2,,,,,,
23,predet,2,,,,,,
23,prep,21,-0.1153,0.8077,0.5151,0.00024939437387242266,0.0257,0.0901
23,prt,2,,,,,,
23,quantmod,4,-0.4412,0.6001,0.8804,0.06172569602056998,0.115,0.0957
23,rcmod,12,-0.3387,0.9336,0.7665,0.00019046685977709563,0.0591,0.1063
23,tmod,10,-0.1786,0.867,0.2911,0.10749280863734757,0.0985,0.203
23,vmod,16,-0.0854,0.739,0.0911,0.2559636780339887,0.0721,0.2062
23,xcomp,10,-0.2061,0.9694,0.7086,0.002255246947473601,0.0467,0.0919
25,acomp,2,,,,,,
25,advcl,17,-0.1912,0.5783,0.6469,9.936906557282426e-05,0.0365,0.0766
25,advmod,13,-0.0844,0.7119,0.1138,0.25962858479639894,0.071,0.1809
25,amod,7,-0.1958,0.8167,0.6596,0.02647448516422479,0.0629,0.0892
25,appos,11,-0.3763,1.0821,0.8115,0.0001541650376020873,0.0605,0.1288
25,aux,5,-0.4474,0.8874,0.9928,0.0002624861235677679,0.0221,0.0217
25,auxpass,3,-0.0996,0.9159,0.9742,0.10273034235465339,0.0162,0.0074
25,cc,20,-0.0496,0.5316,0.0762,0.23866084328318843,0.0407,0.1368
25,ccomp,25,-0.0324,0.6937,0.0149,0.5613575591022725,0.055,0.1823
25,conj,21,-0.2612,0.884,0.5967,4.065735014010545e-05,0.0493,0.1425
25,cop,5,-0.3249,0.8901,0.9664,0.0026394773780473997,0.035,0.0344
25,csubj,1,,,,,,
25,dep,15,-0.2353,0.7493,0.8314,2.2185674233085575e-06,0.0294,0.0801
25,det,8,-0.099,0.8087,0.5336,0.03957681458033571,0.0378,0.0609
25,discourse,0,,,,,,
25,dobj,10,-0.1293,0.9529,0.5115,0.02006003888736769,0.0447,0.0921
25,expl,1,,,,,,
25,iobj,2,,,,,,
25,mark,15,-0.1815,0.799,0.4498,0.006208744688594851,0.0557,0.1517
25,mwe,1,,,,,,
25,neg,4,-0.5829,0.8159,0.9968,0.0016109767001429851,0.0234,0.0172
25,nn,6,-0.3631,0.7848,0.7677,0.022041049465971383,0.0999,0.1208
25,npadvmod,5,-0.267,0.9211,0.5481,0.152503478234518,0.14,0.1378
25,nsubj,20,-0.0738,0.755,0.3031,0.01188780902863314,0.0264,0.0886
25,nsubjpass,11,-0.0749,0.8073,0.1363,0.2638990864966598,0.0628,0.1161
25,num,5,-0.3374,0.9693,0.661,0.09430597323670321,0.1395,0.1373
25,number,6,-0.554,0.8419,0.8775,0.005878172049848036,0.1035,0.1252
25,parataxis,9,-0.3528,1.0636,0.6895,0.005584946713041075,0.0895,0.1303
25,pcomp,5,-0.2695,0.9214,0.6136,0.11706571057187651,0.1235,0.1216
25,pobj,8,-0.0695,0.8422,0.5601,0.03269146238558639,0.0251,0.0405
25,poss,7,-0.2443,0.7778,0.764,0.010084976968644951,0.0607,0.0861
25,possessive,2,,,,,,
25,preconj,2,,,,,,
25,predet,2,,,,,,
25,prep,21,-0.1398,0.83,0.5256,0.0002007182700424467,0.0305,0.107
25,prt,2,,,,,,
25,quantmod,4,-0.3518,0.5523,0.9435,0.02865069128407071,0.0609,0.0507
25,rcmod,12,-0.3079,0.8448,0.6908,0.0008084131878684913,0.0651,0.1171
25,tmod,10,-0.1865,0.8704,0.3254,0.08510225807983864,0.095,0.1956
25,vmod,16,-0.0992,0.7554,0.1695,0.11303687537366314,0.0587,0.1677
25,xcomp,10,-0.1976,0.9987,0.8044,0.0004363373263618067,0.0345,0.0678
